id,year,Forestry GDP（million yuan）,Forestry Industry Seniorization Index ,Forestry industry pollution control （million yuan）,Increase in ecological forests（hectarea）,"Forest stock（10,000 cubic meters）",Forestry industrial waste discharges（million yuan）,,,,,
1,2008 ,116052 ,0.16 ,868.34 ,15548,840.70 ,105.49 ,,1,Beijing,,
2,2008 ,19114 ,0.08 ,506.15 ,11216,140.35 ,65.99 ,,2,Tianjin,,
3,2008 ,615064 ,0.02 ,7814.34 ,345782,6509.92 ,5362.70 ,,3,Hebei,,
4,2008 ,117287 ,0.02 ,7814.34 ,280378,6199.93 ,973.10 ,,4,Shanxi,,
5,2008 ,179576 ,0.08 ,5071.11 ,718562,110153.15 ,924.94 ,,5,Inner Mongolia,,
6,2008 ,6987416 ,0.01 ,10466.67 ,81532,17476.57 ,5143.29 ,,6,Liaoning,,
7,2008 ,6431830 ,0.04 ,9397.85 ,26114,81645.51 ,4188.23 ,,7,Jilin,,
8,2008 ,5803188 ,0.05 ,6639.73 ,120609,137502.31 ,3036.04 ,,8,Heilongjiang,,
9,2008 ,610464 ,0.18 ,463.04 ,1915,33.24 ,197.21 ,,9,Shanghai,,
10,2008 ,1136466 ,0.01 ,1787.85,88655,2285.27 ,1004.33 ,,10,Jiangsu,,
11,2008 ,13678175 ,0.04 ,9421.85 ,8524,11535.85 ,4321.95 ,,11,chekiang,,
12,2008 ,5135559 ,0.05 ,6674.88 ,33463,10371.90 ,4321.95 ,,12,Anhui,,
13,2008 ,14727221 ,0.03 ,21194.98 ,33059,44357.36 ,19789.43 ,,13,Fujian,,
14,2008 ,9184321 ,0.04 ,7180.55 ,267032,32505.20 ,10908.36 ,,14,Jiangxi,,
15,2008 ,9906004 ,0.03 ,26912.42 ,185575,3201.65 ,6062.77 ,,15,Shandong,,
16,2008 ,6464626 ,0.08 ,8643.13 ,338139,8404.64 ,5018.89 ,,16,Henan,,
17,2008 ,5963486 ,0.03 ,8497.71 ,154470,15406.64 ,5200.01 ,,17,Hubei,,
18,2008 ,9211497 ,0.06 ,11881.54 ,80004,26534.46 ,8009.95 ,,18,Hunan,,
19,2008 ,2200116 ,0.12 ,24855.52 ,9387,28365.63 ,13455.01 ,,19,Guangdong,,
20,2008 ,8817723,0.18 ,18412.44 ,129054,36477.26 ,25981.83 ,,20,Guangxi,,
21,2008 ,2359956,0.05 ,610.35 ,17292,7195.16 ,1005.10 ,,21,Hainan,,
22,2008 ,2117564,0.01 ,4046.62 ,106576,8441.08 ,2884.52 ,,22,Chongqing,,
23,2008 ,9533984,0.05 ,14774.71 ,574605,149543.36 ,9000.91 ,,23,Sichuan,,
24,2008 ,2475936,0.06 ,7578.37 ,177878,17795.72 ,1310.28 ,,24,Guizhou,,
25,2008 ,4598691,0.04 ,8283.71 ,566135,139929.16 ,3311.91 ,,25,Yunnan,,
26,2008 ,128798,0.10 ,0.00 ,31334,226606.41 ,30.27 ,,26,Tibet,,
27,2008 ,1977672,0.04 ,3076.55 ,275245,30775.77 ,1579.40 ,,27,Shaanxi,,
28,2008 ,1178477,0.00 ,4394.50 ,167972,17504.33 ,729.57 ,,28,Gansu,,
29,2008 ,59043,0.01 ,68.56 ,53597,3592.62 ,51.95 ,,29,Qinghai,,
30,2008 ,610314,0.09 ,5035.31 ,103423,392.85 ,1202.10 ,,30,Ningxia,,
31,2008 ,2526910,0.06 ,5342.96 ,270660,28039.68 ,1527.17 ,,31,Xinjiang,,
1,2009,1200400,0.17 ,339.99 ,17566,886.32 ,98.42 ,,,,,
2,2009,215642,0.04 ,516.19 ,15654,153.13 ,60.15 ,,,,,
3,2009,6937260,0.03 ,5323.93 ,306373,6932.92 ,5321.59 ,,,,,
4,2009,1898999,0.10 ,5323.93 ,326602,6533.04 ,1410.40 ,,,,,
5,2009,2022097,0.09 ,3700.67 ,861933,111998.12 ,848.96 ,,,,,
6,2009,9384692,0.02 ,12126.05 ,129974,18126.93 ,5708.53 ,,,,,
7,2009,7630018,0.05 ,8307.98 ,30228,82328.58 ,4357.44 ,,,,,
8,2009,6933726,0.04 ,8019.61 ,213124,141015.98 ,3193.28 ,,,,,
9,2009,3369645,0.45 ,1530.85 ,2051,43.88 ,973.62 ,,,,,
10,2009,15598797,0.13 ,12247.96 ,83713,2542.58 ,11966.45 ,,,,,
11,2009,17137667,0.04 ,14429.56 ,27422,12751.62 ,5830.72 ,,,,,
12,2009,7154214,0.14 ,7698.36 ,68952,11130.43 ,5830.72 ,,,,,
13,2009,16731501,0.05 ,17596.58 ,33261,45343.70 ,20395.05 ,,,,,
14,2009,10529719,0.09 ,5438.74 ,228630,34134.64 ,10478.56 ,,,,,
15,2009,18201442,0.17 ,27698.57 ,182171,3797.76 ,10578.26 ,,,,,
16,2009,7590423,0.14 ,6009.93 ,416131,9361.39 ,5895.49 ,,,,,
17,2009,7069354,0.07 ,15344.65 ,149174,16635.58 ,5289.27 ,,,,,
18,2009,11503145,0.07 ,11785.81 ,125031,28417.43 ,8952.45 ,,,,,
19,2009,28021579,0.15 ,16143.58 ,19952,28809.54 ,13748.80 ,,,,,
20,2009,12765494,0.36 ,19268.44 ,139409,38837.60 ,27548.22 ,,,,,
21,2009,3468731,0.19 ,747.13 ,19377,7214.85 ,1517.32 ,,,,,
22,2009,2656536,0.05 ,2878.13 ,95726,9086.02 ,2779.23 ,,,,,
23,2009,11567826,0.07 ,7863.04 ,487782,151989.92 ,9370.48 ,,,,,
24,2009,2955417,0.22 ,6758.44 ,236120,19178.98 ,1577.08 ,,,,,
25,2009,5747968,0.01 ,8839.37 ,713478,143641.53 ,3830.18 ,,,,,
26,2009,161777,0.07 ,0.00 ,70299,226090.78 ,34.93 ,,,,,
27,2009,2612553,0.06 ,6587.47 ,449453,31510.25 ,1752.00 ,,,,,
28,2009,1620078,0.02 ,5896.84 ,212373,17951.76 ,935.99 ,,,,,
29,2009,74904,0.00 ,203.94 ,140659,3670.79 ,67.73 ,,,,,
30,2009,712258,0.10 ,2287.97 ,89480,415.62 ,1209.46 ,,,,,
31,2009,3591083,0.07 ,12048.25 ,343565,28541.27 ,2308.84 ,,,,,
1,2010,1434945,0.15 ,196.63 ,13887,934.42 ,96.08 ,,,,,
2,2010,204392,0.02 ,364.90 ,11315,167.08 ,47.03 ,,,,,
3,2010,7459549,0.01 ,3971.79 ,283878,7383.40 ,4988.02 ,,,,,
4,2010,2553886,0.08 ,3971.79 ,282371,6884.06 ,1799.16 ,,,,,
5,2010,2178434,0.05 ,2471.08 ,655180,113873.99 ,967.29 ,,,,,
6,2010,12383977,0.06 ,9910.53 ,190669,18801.49 ,5963.77 ,,,,,
7,2010,10262538,0.04 ,7502.62 ,82584,83017.37 ,5050.16 ,,,,,
8,2010,9167585,0.06 ,4376.10 ,233777,144619.44 ,3914.46 ,,,,,
9,2010,3346594,0.43 ,1834.66 ,1349,57.93 ,759.89 ,,,,,
10,2010,22916203,0.08 ,10289.08 ,86256,2828.86 ,15043.09 ,,,,,
11,2010,27919858,0.17 ,12042.00 ,15214,14095.52 ,7541.16 ,,,,,
12,2010,11718236,0.23 ,5584.00 ,48711,11944.44 ,7541.16 ,,,,,
13,2010,25593977,0.14 ,26622.94 ,29875,46351.97 ,22677.85 ,,,,,
14,2010,13177449,0.11 ,8891.85 ,200778,35845.76 ,11364.21 ,,,,,
15,2010,29514848,0.31 ,34417.16 ,205131,4504.86 ,16771.68 ,,,,,
16,2010,9228611,0.20 ,5000.28 ,231700,10427.05 ,6449.30 ,,,,,
17,2010,8964102,0.13 ,15573.94 ,192213,17962.56 ,5627.13 ,,,,,
18,2010,14456850,0.09 ,12434.92 ,213448,30434.02 ,9088.37 ,,,,,
19,2010,33280989,0.15 ,22464.37 ,95144,29260.39 ,13880.49 ,,,,,
20,2010,16723081,0.38 ,16224.44 ,143254,41350.67 ,29889.82 ,,,,,
21,2010,3783604,0.10 ,797.96 ,14166,7234.59 ,1097.23 ,,,,,
22,2010,3265221,0.04 ,3192.97 ,255235,9780.24 ,1969.61 ,,,,,
23,2010,14440422,0.09 ,6018.59 ,382225,154476.50 ,8585.42 ,,,,,
24,2010,3406879,0.22 ,5039.81 ,206603,20669.76 ,1593.90 ,,,,,
25,2010,6893883,0.01 ,10141.31 ,661500,147452.38 ,3784.75 ,,,,,
26,2010,183850,0.07 ,0.00 ,62299,225576.32 ,27.08 ,,,,,
27,2010,3258288,0.05 ,10831.53 ,364312,32262.26 ,1645.78 ,,,,,
28,2010,1926727,0.03 ,6849.06 ,232761,18410.62 ,868.11 ,,,,,
29,2010,124369,0.02 ,89.77 ,117804,3750.65 ,95.84 ,,,,,
30,2010,951370,0.17 ,2302.68 ,94932,439.70 ,1318.85 ,,,,,
31,2010,4368083,0.09 ,5367.29 ,251601,29051.84 ,2306.70 ,,,,,
1,2011,1727944,0.38 ,116.38 ,20796,985.12 ,1559.00 ,,,,,
2,2011,205331,0.06 ,277.56 ,7401,182.29 ,125.24 ,,,,,
3,2011,10586591,0.12 ,10510.65 ,286423,7863.15 ,13996.97 ,,,,,
4,2011,3115222,0.06 ,10510.65 ,299713,7253.93 ,3993.83 ,,,,,
5,2011,2448955,0.09 ,5289.58 ,731837,115781.28 ,2120.35 ,,,,,
6,2011,15475567,0.14 ,8078.85 ,246767,19501.15 ,18158.80 ,,,,,
7,2011,11509487,0.03 ,7146.47 ,36424,83711.93 ,13251.60 ,,,,,
8,2011,10938089,0.05 ,8770.90 ,123763,148314.98 ,13637.74 ,,,,,
9,2011,3481118,0.42 ,1153.42 ,710,76.47 ,3929.36 ,,,,,
10,2011,30993642,0.10 ,19568.11 ,57294,3147.37 ,38090.93 ,,,,,
11,2011,31568884,0.18 ,17423.38 ,40473,15581.05 ,26654.85 ,,,,,
12,2011,15997836,0.23 ,9702.12 ,45629,12817.98 ,26654.85 ,,,,,
13,2011,30780284,0.15 ,24995.40 ,212724,47382.67 ,56214.42 ,,,,,
14,2011,16281972,0.10 ,9215.18 ,164521,37642.66 ,28655.44 ,,,,,
15,2011,45152189,0.37 ,62157.97 ,219028,5343.61 ,46116.24 ,,,,,
16,2011,10887422,0.20 ,8640.39 ,237740,11614.03 ,15917.31 ,,,,,
17,2011,11095861,0.13 ,5249.04 ,194654,19395.38 ,17002.35 ,,,,,
18,2011,18834315,0.15 ,9291.84 ,402435,32593.72 ,27526.42 ,,,,,
19,2011,46909215,0.28 ,14671.28 ,125476,29718.30 ,69794.12 ,,,,,
20,2011,21941856,0.41 ,16142.54 ,147810,44026.36 ,43058.15 ,,,,,
21,2011,3979919,0.06 ,4343.95 ,10914,7254.38 ,5704.87 ,,,,,
22,2011,4046717,0.10 ,1996.16 ,244644,10527.50 ,5451.46 ,,,,,
23,2011,17456693,0.11 ,13826.17 ,251926,157003.76 ,24303.15 ,,,,,
24,2011,4010168,0.31 ,9281.60 ,202409,22276.42 ,6028.88 ,,,,,
25,2011,8855547,0.04 ,13675.08 ,619961,151364.34 ,16432.33 ,,,,,
26,2011,200912,0.06 ,53.99 ,46705,225063.03 ,163.89 ,,,,,
27,2011,5416600,0.11 ,10270.51 ,325752,33032.21 ,5591.10 ,,,,,
28,2011,2345241,0.02 ,4920.81 ,189807,18881.21 ,3078.01 ,,,,,
29,2011,348196,0.02 ,580.69 ,177492,3832.26 ,695.19 ,,,,,
30,2011,1085193,0.21 ,1999.56 ,90478,465.18 ,2213.77 ,,,,,
31,2011,5800919,0.08 ,9326.68 ,216907,29571.54 ,7788.89 ,,,,,
1,2012,1805117,0.51 ,331.55 ,35752,1038.58,1427.70 ,,,,,
2,2012,186163,0.07 ,181.28 ,5357,198.89,122.29 ,,,,,
3,2012,12305030,0.10 ,10940.94 ,312360,8374.08,16288.60 ,,,,,
4,2012,3458702,0.11 ,10940.94 ,302851,7643.67,4674.04 ,,,,,
5,2012,2801456,0.09 ,3346.72 ,781617,117720.51,2240.61 ,,,,,
6,2012,17375794,0.19 ,8353.26 ,246667,20226.85,18625.25 ,,,,,
7,2012,13509856,0.04 ,6480.28 ,28166,84412.29,14072.45 ,,,,,
8,2012,12813789,0.01 ,3676.82 ,162299,152104.96,15825.96 ,,,,,
9,2012,3709755,0.42 ,2130.72 ,1168,100.95,4071.83 ,,,,,
10,2012,36086022,0.12 ,26043.67 ,57341,3501.75,40634.95 ,,,,,
11,2012,33792859,0.18 ,27589.98 ,43923,17223.14,31893.60 ,,,,,
12,2012,20595442,0.25 ,15238.33 ,43786,13755.41,31893.60 ,,,,,
13,2012,36095326,0.16 ,43536.74 ,98042,48436.28,48383.82 ,,,,,
14,2012,20250245,0.19 ,6173.81 ,138645,39529.64,33227.95 ,,,,,
15,2012,55739153,0.34 ,74741.24 ,197956,6338.53,55486.00 ,,,,,
16,2012,12634877,0.22 ,6332.40 ,228292,12936.12,17897.06 ,,,,,
17,2012,14315092,0.11 ,9583.78 ,198578,20942.49,19170.39 ,,,,,
18,2012,23800023,0.18 ,19290.02 ,404239,34906.67,33570.34 ,,,,,
19,2012,55953897,0.27 ,27551.07 ,107512,30183.37,82826.90 ,,,,,
20,2012,30201223,0.38 ,19842.99 ,148878,46875.18,58773.69 ,,,,,
21,2012,4252253,0.03 ,7189.34 ,17734,7274.23,5584.83 ,,,,,
22,2012,4494411,0.13 ,1505.78 ,206215,11331.85,5343.77 ,,,,,
23,2012,20302262,0.10 ,9406.49 ,112159,159572.37,25260.15 ,,,,,
24,2012,5034591,0.36 ,9159.50 ,147704,24007.96,7309.21 ,,,,,
25,2012,11704317,0.11 ,22394.77 ,544466,155380.09,19323.71 ,,,,,
26,2012,219427,0.04 ,55.56 ,72432,224550.91,158.21 ,,,,,
27,2012,7125584,0.11 ,13373.26 ,320287,33820.54,6713.38 ,,,,,
28,2012,2824923,0.04 ,10548.54 ,177330,19363.83,3480.26 ,,,,,
29,2012,356242,0.02 ,411.64 ,135644,3915.64,646.03 ,,,,,
30,2012,1162137,0.20 ,3432.87 ,94814,492.14,2085.47 ,,,,,
31,2012,7066614,0.10 ,7448.21 ,210244,30100.54,9596.35 ,,,,,
1,2013,1923574,0.41 ,421.87 ,45813,1425.33 ,1436.77 ,,,,,
2,2013,232787,0.07 ,240.34 ,5792,374.03,139.09 ,,,,,
3,2013,14127093,0.13 ,25545.75 ,318737,10774.95,17702.15 ,,,,,
4,2013,4015973,0.09 ,25545.75 ,298796,9739.12,5382.18 ,,,,,
5,2013,3836321,0.46 ,14284.37 ,805156,134530.48,2902.62 ,,,,,
6,2013,18339207,0.17 ,18754.48 ,237457,25046.29,17713.14 ,,,,,
7,2013,14509985,0.04 ,10476.75 ,112446,92257.37,13683.50 ,,,,,
8,2013,13811164,0.03 ,19875.96 ,124122,164487.01,15304.49 ,,,,,
9,2013,3680579,0.43 ,887.29 ,862,186.35,3835.01 ,,,,,
10,2013,38976633,0.10 ,39118.84 ,65258,6470,39890.76 ,,,,,
11,2013,35555849,0.17 ,54575.26 ,42362,21679.75,36697.23 ,,,,,
12,2013,25108181,0.27 ,54491.55 ,172086,18074.85,36697.23 ,,,,,
13,2013,39713055,0.17 ,70076.45 ,100185,60796.15,48864.48 ,,,,,
14,2013,26545883,0.32 ,28731.80 ,153368,40840.62,40508.85 ,,,,,
15,2013,60936364,0.30 ,93992.92 ,220473,8919.79,57180.90 ,,,,,
16,2013,14908414,0.27 ,20386.73 ,253914,17094.56,19898.90 ,,,,,
17,2013,17369879,0.19 ,17726.18 ,246858,28652.97,21292.38 ,,,,,
18,2013,27991084,0.25 ,26693.11 ,349772,33099.27,36007.96 ,,,,,
19,2013,65003382,0.28 ,33946.20 ,139058,35682.71,90828.98 ,,,,,
20,2013,38499681,0.37 ,49059.91 ,149875,50936.8,62418.12 ,,,,,
21,2013,4420345,0.13 ,4930.23 ,12829,8903.83,5139.82 ,,,,,
22,2013,5219083,0.15 ,3252.68 ,227883,14651.76,6012.46 ,,,,,
23,2013,23357763,0.12 ,16756.61 ,126191,168000.04,28625.17 ,,,,,
24,2013,6100373,0.51 ,14899.87 ,340000,30076.43,7730.51 ,,,,,
25,2013,13296395,0.13 ,27104.62 ,524334,169309.19,19600.49 ,,,,,
26,2013,239533,0.04 ,293.28 ,69629,226207.05,159.32 ,,,,,
27,2013,8401647,0.11 ,21864.52 ,343981,39592.52,7323.94 ,,,,,
28,2013,3393187,0.02 ,9860.36 ,174470,21453.97,3843.55 ,,,,,
29,2013,429465,0.02 ,622.54 ,152755,4331.21,702.68 ,,,,,
30,2013,1359144,0.16 ,8768.58 ,101145,660.33,2220.71 ,,,,,
31,2013,7981300,0.06 ,21007.97 ,164450,33654.09,10525.30 ,,,,,
1,2014,1422701,0.25 ,504.86 ,22937,1586.78 ,1012.22 ,,,,,
2,2014,244159,0.07 ,342.98 ,7061,389.88 ,141.52 ,,,,,
3,2014,14745594,0.11 ,44581.78 ,340042,11311.41 ,17652.00 ,,,,,
4,2014,4527466,0.12 ,44581.78 ,303501,10306.02 ,6230.22 ,,,,,
5,2014,4177852,0.17 ,18230.92 ,559247,137983.36 ,3184.90 ,,,,,
6,2014,16645910,0.16 ,22223.40 ,226471,25923.27 ,16970.45 ,,,,,
7,2014,15500553,0.02 ,18383.85 ,108523,93998.11 ,14290.37 ,,,,,
8,2014,14385038,0.07 ,16984.61 ,101079,168345.14 ,14936.18 ,,,,,
9,2014,3917852,0.40 ,2956.70 ,899.00 ,222.24 ,3709.62 ,,,,,
10,2014,40843282,0.12 ,30440.04 ,59209,6581.02 ,38426.73 ,,,,,
11,2014,37634580,0.19 ,63323.25 ,39396,22836.52 ,38644.16 ,,,,,
12,2014,28318418,0.29 ,23935.59 ,157745,18831.19 ,38644.16 ,,,,,
13,2014,42773410,0.17 ,75358.66 ,44346,63050.89 ,47213.29 ,,,,,
14,2014,30630245,0.32 ,24065.43 ,131973,42639.97 ,42737.92 ,,,,,
15,2014,63442512,0.32 ,151218.56 ,224972,8967.61 ,57015.23 ,,,,,
16,2014,16581934,0.22 ,26321.33 ,260003,17764.81 ,20839.98 ,,,,,
17,2014,23241429,0.32 ,22315.46 ,243799,30075.52 ,26304.58 ,,,,,
18,2014,32254551,0.28 ,20688.86 ,391942,34499.05 ,37824.24 ,,,,,
19,2014,71502750,0.31 ,39926.17 ,151473,37664.49 ,96058.88 ,,,,,
20,2014,43098962,0.35 ,49198.28 ,143651,53927.50 ,62552.85 ,,,,,
21,2014,4691584,0.13 ,7525.36 ,8802,9927.21 ,5344.83 ,,,,,
22,2014,6621930,0.24 ,2334.62 ,191001,15696.91 ,6917.89 ,,,,,
23,2014,26643488,0.14 ,21703.07 ,98226,171473.23 ,32276.98 ,,,,,
24,2014,8102745,0.50 ,16156.28 ,320000,31710.30 ,10360.66 ,,,,,
25,2014,15044874,0.13 ,28646.99 ,400355,174564.05 ,20214.06 ,,,,,
26,2014,264669,0.03 ,295.56 ,82668,226615.05 ,167.85 ,,,,,
27,2014,10143985,0.13 ,19180.05 ,335362,41124.18 ,8870.26 ,,,,,
28,2014,3857148,0.02 ,9943.21 ,214025,22153.79 ,4076.01 ,,,,,
29,2014,511686,0.01 ,1655.21 ,132044,4432.91 ,788.13 ,,,,,
30,2014,1544316,0.14 ,15317.30 ,84191,692.09 ,2304.77 ,,,,,
31,2014,9485483,0.04 ,32377.92 ,151336,34700.45 ,11332.37 ,,,,,
1,2015,1465447,0.21 ,636.48 ,20269.00 ,1766.51 ,970.84 ,,,,,
2,2015,307129,0.08 ,445.84 ,8032.00 ,406.40 ,175.69 ,,,,,
3,2015,15235131,0.10 ,27683.20 ,361261.00 ,11874.58 ,17703.04 ,,,,,
4,2015,4990855,0.10 ,27683.20 ,285944.00 ,10905.92 ,6935.01 ,,,,,
5,2015,4660967,0.17 ,11473.27 ,694792.00 ,141524.85 ,3603.38 ,,,,,
6,2015,11712434,0.15 ,7760.21 ,203712.00 ,26830.95 ,11960.36 ,,,,,
7,2015,15658828,0.01 ,13495.55 ,176303.00 ,95771.69 ,14744.99 ,,,,,
8,2015,15010987,0.10 ,19246.41 ,132906.00 ,172293.77 ,15551.15 ,,,,,
9,2015,4401414,0.43 ,3709.89 ,3241.00 ,265.05 ,3960.63 ,,,,,
10,2015,42564193,0.13 ,37742.83 ,43275.00 ,6693.95 ,38381.37 ,,,,,
11,2015,41663309,0.24 ,56930.30 ,59655.00 ,24055.02 ,42630.58 ,,,,,
12,2015,31923833,0.32 ,26033.03 ,233956.00 ,19619.17 ,42630.58 ,,,,,
13,2015,46106717,0.17 ,79313.69 ,199639.00 ,65389.24 ,46485.03 ,,,,,
14,2015,35048245,0.34 ,30981.56 ,228175.00 ,44518.60 ,49073.04 ,,,,,
15,2015,67263543,0.33 ,100991.30 ,218302.00 ,9015.70 ,61934.54 ,,,,,
16,2015,18082141,0.24 ,16133.36 ,216820.00 ,18461.34 ,21918.88 ,,,,,
17,2015,29991415,0.42 ,16033.48 ,284199.00 ,31568.69 ,32648.95 ,,,,,
18,2015,37363158,0.29 ,33795.43 ,539015.00 ,35958.03 ,41547.20 ,,,,,
19,2015,76957847,0.34 ,36686.39 ,320194.00 ,39756.33 ,96955.91 ,,,,,
20,2015,47769623,0.33 ,70262.61 ,155908.00 ,57093.81 ,64578.81 ,,,,,
21,2015,5366248,0.11 ,1907.37 ,11681.00 ,11068.22 ,5733.14 ,,,,,
22,2015,8216196,0.24 ,3130.49 ,246695.00 ,16816.62 ,7983.93 ,,,,,
23,2015,30603257,0.18 ,12042.39 ,406391.00 ,175018.21 ,36057.06 ,,,,,
24,2015,10000809,0.53 ,10191.96 ,483246.00 ,33432.93 ,11428.02 ,,,,,
25,2015,17055075,0.14 ,27034.07 ,576948.00 ,179982.00 ,23489.92 ,,,,,
26,2015,292252,0.04 ,84.00 ,82786.00 ,227023.79 ,179.11 ,,,,,
27,2015,10970939,0.12 ,17040.03 ,379086.00 ,42715.09 ,10814.49 ,,,,,
28,2015,4632523,0.01 ,2764.78 ,319364.00 ,22876.43 ,4981.69 ,,,,,
29,2015,484457,0.01 ,989.00 ,112668.00 ,4537.00 ,773.32 ,,,,,
30,2015,1705557,0.23 ,6110.38 ,81313.00 ,725.39 ,2082.36 ,,,,,
31,2015,10534914,0.06 ,17880.14 ,276907.00 ,35779.35 ,12136.72 ,,,,,
1,2016,1603882,0.31 ,617.14 ,19064,1966.61 ,1043.87 ,,,,,
2,2016,281686,0.09 ,163.16 ,9291,423.61 ,146.55 ,,,,,
3,2016,15770188,0.06 ,12217.91 ,583361,12465.79 ,15851.02 ,,,,,
4,2016,5557830,0.11 ,12217.91 ,266694,11540.73 ,7169.17 ,,,,,
5,2016,5003272,0.19 ,11210.68 ,618484,145157.25 ,3578.14 ,,,,,
6,2016,11479257,0.19 ,10002.69 ,142438,27770.41 ,12961.82 ,,,,,
7,2016,14987965,0.04 ,9980.82 ,157905,97578.74 ,10259.52 ,,,,,
8,2016,14667033,0.21 ,16568.62 ,92999,176335.01 ,13861.20 ,,,,,
9,2016,3135898,0.40 ,5781.19 ,3941,316.10 ,2475.80 ,,,,,
10,2016,45270582,0.14 ,43743.97 ,30625,6808.81 ,36764.24 ,,,,,
11,2016,45338829,0.28 ,57750.79 ,55648,25338.54 ,37502.84 ,,,,,
12,2016,36118650,0.34 ,61484.05 ,128042,20440.13 ,37502.84 ,,,,,
13,2016,50023989,0.17 ,39286.88 ,228675,67814.32 ,41937.68 ,,,,,
14,2016,41709515,0.39 ,23558.13 ,289560,46479.99 ,52728.17 ,,,,,
15,2016,68875394,0.35 ,127987.49 ,146684,9064.03 ,53705.97 ,,,,,
16,2016,19665430,0.26 ,31658.53 ,149002,19185.18 ,20236.77 ,,,,,
17,2016,34535413,0.45 ,39017.85 ,245705,33136.00 ,29928.08 ,,,,,
18,2016,42554880,0.34 ,17134.10 ,503235,37478.72 ,41026.24 ,,,,,
19,2016,80223880,0.33 ,26274.53 ,305404,41964.35 ,93665.12 ,,,,,
20,2016,52262047,0.34 ,37213.83 ,193341,60446.01 ,57119.22 ,,,,,
21,2016,6028450,0.09 ,2400.25 ,14521,12340.38 ,6609.25 ,,,,,
22,2016,10551966,0.34 ,2209.12 ,226333,18016.20 ,12161.43 ,,,,,
23,2016,34022665,0.22 ,11988.31 ,568532,178636.49 ,37676.19 ,,,,,
24,2016,23346120,0.70 ,11280.62 ,478701,35249.13 ,21527.99 ,,,,,
25,2016,19555370,0.15 ,16816.77 ,496451,185568.11 ,25697.51 ,,,,,
26,2016,321592,0.03 ,31.17 ,55277,227433.26 ,183.69 ,,,,,
27,2016,12361813,0.13 ,12420.25 ,297642,44367.54 ,11171.21 ,,,,,
28,2016,5025683,0.01 ,7659.72 ,325580,23622.64 ,4989.62 ,,,,,
29,2016,569755,0.11 ,2131.72 ,178414,4643.53 ,929.77 ,,,,,
30,2016,1871040,0.19 ,14295.97 ,91531,760.28 ,2222.07 ,,,,,
31,2016,9038094,0.08 ,13709.29 ,263903,36891.78 ,9608.84 ,,,,,
1,2017,1982907,0.34 ,1108.89 ,40339,2189.37 ,947.30 ,,,,,
2,2017,329393,0.13 ,139.05 ,12224,441.56 ,163.92 ,,,,,
3,2017,14537374,0.13 ,14647.41 ,481271,13086.44 ,12250.50 ,,,,,
4,2017,4975362,0.14 ,14647.41 ,311968,12212.50 ,5426.73 ,,,,,
5,2017,5005409,0.27 ,13098.32 ,680453,148882.87 ,4116.06 ,,,,,
6,2017,10981337,0.16 ,6120.43 ,144223,28742.77 ,12459.00 ,,,,,
7,2017,13980773,0.07 ,8485.27 ,153038,99419.89 ,11850.00 ,,,,,
8,2017,14684966,0.30 ,8423.50 ,97591,180471.04 ,13417.54 ,,,,,
9,2017,3270590,0.40 ,4785.72 ,2680,376.98 ,2280.62 ,,,,,
10,2017,47389897,0.14 ,24724.22 ,36572,6925.64 ,32415.78 ,,,,,
11,2017,48980208,0.32 ,34913.74 ,44054,26690.53 ,36817.02 ,,,,,
12,2017,40445629,0.37 ,38765.26 ,144926,21295.45 ,36817.02 ,,,,,
13,2017,59237698,0.27 ,27130.87 ,233585,70329.34 ,44876.20 ,,,,,
14,2017,45025656,0.41 ,23944.97 ,282407,48527.80 ,45413.87 ,,,,,
15,2017,67358492,0.32 ,104884.71 ,142195,9112.63 ,48599.00 ,,,,,
16,2017,21120020,0.25 ,23918.34 ,180929,19937.40 ,20142.59 ,,,,,
17,2017,37921344,0.52 ,18665.83 ,400840,34781.12 ,30022.80 ,,,,,
18,2017,46569770,0.35 ,11825.49 ,554139,39063.71 ,41894.80 ,,,,,
19,2017,81675768,0.33 ,38265.37 ,270588,44295.00 ,80896.79 ,,,,,
20,2017,57082451,0.35 ,23373.49 ,176081,63995.04 ,63087.87 ,,,,,
21,2017,6384908,0.14 ,4900.85 ,12879,13758.75 ,6370.90 ,,,,,
22,2017,12605922,0.39 ,3939.33 ,228052,19301.36 ,13152.79 ,,,,,
23,2017,37408252,0.27 ,12840.32 ,658370,182329.57 ,38065.66 ,,,,,
24,2017,30100000,0.74 ,11861.43 ,678300,37164.01 ,28340.81 ,,,,,
25,2017,22207951,0.19 ,8084.66 ,387158,191327.60 ,26976.18 ,,,,,
26,2017,358893,0.13 ,19.00 ,82667,227843.47 ,207.03 ,,,,,
27,2017,13206108,0.13 ,10389.01 ,334786,46083.92 ,11224.09 ,,,,,
28,2017,4802713,0.10 ,4825.76 ,325431,24393.20 ,4501.02 ,,,,,
29,2017,675339,0.24 ,393.27 ,198809,4752.56 ,1032.77 ,,,,,
30,2017,1623706,0.17 ,4033.90 ,78238,796.85 ,1681.80 ,,,,,
31,2017,9802514,0.09 ,12140.59 ,282384,38038.81 ,9966.93 ,,,,,
1,2018,2610077,0.24 ,166.87 ,29979,2437.36 ,1152.12 ,,,,,
2,2018,336160,0.13 ,129.48 ,8648,460.27 ,164.98 ,,,,,
3,2018,14607173,0.17 ,40058.44 ,600956,13737.98 ,11627.73 ,,,,,
4,2018,5319197,0.11 ,40058.44 ,340148,12923.37 ,5356.86 ,,,,,
5,2018,4869345,0.32 ,9613.15 ,599979,152704.12 ,3727.87 ,,,,,
6,2018,10145402,0.16 ,2774.79 ,167978,29749.18 ,10643.90 ,,,,,
7,2018,11255288,0.15 ,2112.84 ,122657,101295.77 ,9457.57 ,,,,,
8,2018,12852222,0.37 ,5745.30 ,96639,184704.09 ,11413.59 ,,,,,
9,2018,620380,0.45 ,722.80 ,3183,449.59 ,1910.18 ,,,,,
10,2018,2922402,0.47 ,42898.21 ,43356,7044.48 ,31041.08 ,,,,,
11,2018,48934524,0.33 ,32465.04 ,63643,28114.67 ,35614.26 ,,,,,
12,2018,51672221,0.43 ,28823.38 ,138493,22186.55 ,35614.26 ,,,,,
13,2018,43452388,0.26 ,29575.82 ,193393,72937.63 ,43923.44 ,,,,,
14,2018,64505423,0.53 ,47725.22 ,308143,50665.83 ,46921.15 ,,,,,
15,2018,51120531,0.57 ,58160.63 ,147481,9161.49 ,45146.62 ,,,,,
16,2018,65877734,0.14 ,15092.33 ,173596,20719.12 ,18956.61 ,,,,,
17,2018,21439310,0.60 ,14298.89 ,330657,36507.91 ,29223.75 ,,,,,
18,2018,40957696,0.40 ,9735.52 ,584316,40715.73 ,42114.63 ,,,,,
19,2018,50297711,0.29 ,23660.89 ,270462,46755.09 ,76867.97 ,,,,,
20,2018,84159503,0.66 ,20164.40 ,247800,67752.45 ,70840.01 ,,,,,
21,2018,70426465,0.46 ,484.10 ,10496,15340.15 ,6027.91 ,,,,,
22,2018,6541382,0.62 ,3349.10 ,270003,20678.18 ,13836.46 ,,,,,
23,2018,13901849,0.58 ,15828.87 ,436816,186099.00 ,36520.73 ,,,,,
24,2018,39478893,0.65 ,15026.08 ,346676,39182.90 ,28971.50 ,,,,,
25,2018,33645800,0.46 ,13707.27 ,374796,197265.84 ,27636.10 ,,,,,
26,2018,24841778,0.08 ,19.26 ,75039,228254.42 ,202.87 ,,,,,
27,2018,396405,1.35 ,9702.28 ,348094,47866.70 ,10763.19 ,,,,,
28,2018,14132385,0.08 ,3509.81 ,392765,25188.89 ,3651.88 ,,,,,
29,2018,4307313,0.02 ,564.49 ,205904,4864.15 ,980.14 ,,,,,
30,2018,699625,0.28 ,3307.88 ,100055,835.18 ,1491.81 ,,,,,
31,2018,1549705,0.91 ,11220.01 ,243788,39221.50 ,8356.74 ,,,,,
,,,,,,,,,,,,
,,,,,,,,,,,,
,,,,,,,,,,,,
,,,,,,,,,,,,
